rank,name,postcode,address,rating,reviewCount,removedRange,removedMin,removedMax,removedEstimate,deletionRatioPct,realRatingAdjusted,removedText,url
1,La Osteria Landshut,84028,"Altstadt 195A, 84028 Landshut",4.5,1741,151–200,151,200,175.5,9.16,4.179,151 bis 200 Bewertungen aufgrund von Beschwerden wegen Diffamierung entfernt.,https://www.google.com/maps/place/La+Osteria+Landshut/data=!4m7!3m6!1s0x479e267140a53765:0x78028d8fab7abe70!8m2!3d48.5335279!4d12.1511!16s%2Fg%2F12vs59pz8!19sChIJZTelQHEmnkcRcL56q4-NAng?authuser=0&hl=de&rclk=1
2,Grillpoint 36,84028,"Oberndorferstraße 24b, 84032 Landshut",4.8,1105,101–150,101,150,125.5,10.2,4.412,101 bis 150 Bewertungen aufgrund von Beschwerden wegen Diffamierung entfernt.,https://www.google.com/maps/place/Grillpoint+36/data=!4m7!3m6!1s0x479e25eee7d8999d:0x5dfc4c09c677d936!8m2!3d48.5474117!4d12.1295426!16s%2Fg%2F11hb3t6lg5!19sChIJnZnY5-4lnkcRNtl3xglM_F0?authuser=0&hl=de&rclk=1
3,ATU Landshut,84137,"Industriestraße 41, 84030 Ergolding",3.7,820,101–150,101,150,125.5,13.27,3.342,101 bis 150 Bewertungen aufgrund von Beschwerden wegen Diffamierung entfernt.,https://www.google.com/maps/place/ATU+Landshut/data=!4m7!3m6!1s0x479e2601b0e28c9b:0x46bdfcd681e7fb0b!8m2!3d48.557212!4d12.156084!16s%2Fg%2F1tg392f8!19sChIJm4zisAEmnkcRC_vngdb8vUY?authuser=0&hl=de&rclk=1
4,Zum G'sellnhaus,84144,"Pfarrbrückenweg 1, 84137 Vilsbiburg",4.7,609,51–100,51,100,75.5,11.03,4.292,51 bis 100 Bewertungen aufgrund von Beschwerden wegen Diffamierung entfernt.,https://www.google.com/maps/place/Zum+G%27sellnhaus/data=!4m7!3m6!1s0x47758c2426d12015:0xc34758e91bb3bcf0!8m2!3d48.4512504!4d12.3579024!16s%2Fg%2F11df7p7jn6!19sChIJFSDRJiSMdUcR8LyzG-lYR8M?authuser=0&hl=de&rclk=1
5,Café Aran Kronprinz,84028,"Altstadt 29, 84028 Landshut",4.7,519,51–100,51,100,75.5,12.7,4.23,51 bis 100 Bewertungen aufgrund von Beschwerden wegen Diffamierung entfernt.,https://www.google.com/maps/place/Caf%C3%A9+Aran+Kronprinz/data=!4m7!3m6!1s0x479e26715afaaeaf:0xc70e85fcd0f6e1e6!8m2!3d48.5341667!4d12.1502778!16s%2Fg%2F1vlz9bqc!19sChIJr676WnEmnkcR5uH20PyFDsc?authuser=0&hl=de&rclk=1
6,Himmel-Landshut GmbH,84028,"Isargestade 734, 84028 Landshut",4.7,485,51–100,51,100,75.5,13.47,4.202,51 bis 100 Bewertungen aufgrund von Beschwerden wegen Diffamierung entfernt.,https://www.google.com/maps/place/Himmel-Landshut+GmbH/data=!4m7!3m6!1s0x479e260cafb38e15:0x653f12ce9cff213f!8m2!3d48.5399457!4d12.1524953!16s%2Fg%2F1wbrws61!19sChIJFY6zrwwmnkcRPyH_nM4SP2U?authuser=0&hl=de&rclk=1
7,Gasthaus zum Freischütz,84028,"Neustadt 446, 84028 Landshut",4.7,441,51–100,51,100,75.5,14.62,4.159,51 bis 100 Bewertungen aufgrund von Beschwerden wegen Diffamierung entfernt.,https://www.google.com/maps/place/Gasthaus+zum+Freisch%C3%BCtz/data=!4m7!3m6!1s0x479e2672fd4ad0d1:0x8c11a0eef3b3e0c7!8m2!3d48.53738!4d12.15414!16s%2Fg%2F11bwf79xt3!19sChIJ0dBK_XImnkcRx-Cz8-6gEYw?authuser=0&hl=de&rclk=1
8,Barbara-Apotheke / CannabisFürMich,84028,"Fliederstraße 46, 84032 Landshut",4.6,259,51–100,51,100,75.5,22.57,3.787,51 bis 100 Bewertungen aufgrund von Beschwerden wegen Diffamierung entfernt.,https://www.google.com/maps/place/Barbara-Apotheke+%2F+CannabisF%C3%BCrMich/data=!4m7!3m6!1s0x479e25ee0c0ce41d:0x7c5de98ca6c7ee9c!8m2!3d48.5507458!4d12.1300396!16s%2Fg%2F1tdmjgjk!19sChIJHeQMDO4lnkcRnO7HpozpXXw?authuser=0&hl=de&rclk=1
9,Hotel Nummerhof,84144,"Waldstraße 2, 85435 Erding",4.8,865,21–50,21,50,35.5,3.94,4.65,21 bis 50 Bewertungen aufgrund von Beschwerden wegen Diffamierung entfernt.,https://www.google.com/maps/place/Hotel+Nummerhof/data=!4m10!3m9!1s0x479e103bff1276f3:0xe7be6eca072de39d!5m2!4m1!1i2!8m2!3d48.278231!4d11.892074!16s%2Fg%2F1vysvj8t!19sChIJ83YS_zsQnkcRneMtB8puvuc?authuser=0&hl=de&rclk=1
10,burgerme Landshut,84028,"Altdorfer Str. 32, 84030 Landshut",4.8,330,21–50,21,50,35.5,9.71,4.431,21 bis 50 Bewertungen aufgrund von Beschwerden wegen Diffamierung entfernt.,https://www.google.com/maps/place/burgerme+Landshut/data=!4m7!3m6!1s0x479e2fcd1e8d19df:0x56ae9ceeb36cfbb6!8m2!3d48.55545!4d12.13777!16s%2Fg%2F11ty14spv0!19sChIJ3xmNHs0vnkcRtvtss-6crlY?authuser=0&hl=de&rclk=1
11,Autohaus Josef Fischer GmbH,84032,"Opalstraße 44, 84032 Altdorf",4.8,293,21–50,21,50,35.5,10.81,4.389,21 bis 50 Bewertungen aufgrund von Beschwerden wegen Diffamierung entfernt.,https://www.google.com/maps/place/Autohaus+Josef+Fischer+GmbH/data=!4m7!3m6!1s0x479e250b0257eebb:0x3456a7ca78a52314!8m2!3d48.5442359!4d12.0892623!16s%2Fg%2F1td1hznr!19sChIJu-5XAgslnkcRFCOleMqnVjQ?authuser=0&hl=de&rclk=1
12,Tanda Palace,84028,"Dreifaltigkeitspl. 11A, 84028 Landshut",4.9,286,21–50,21,50,35.5,11.04,4.469,21 bis 50 Bewertungen aufgrund von Beschwerden wegen Diffamierung entfernt.,https://www.google.com/maps/place/Tanda+Palace/data=!4m7!3m6!1s0x479e2727bbec8993:0xa17ad02d210df61a!8m2!3d48.5326519!4d12.1488625!16s%2Fg%2F11smzm09b5!19sChIJk4nsuycnnkcRGvYNIS3QeqE?authuser=0&hl=de&rclk=1
13,Le Viny babershop,84028,"Zweibrückenstraße 677, 84028 Landshut",4.9,224,21–50,21,50,35.5,13.68,4.366,21 bis 50 Bewertungen aufgrund von Beschwerden wegen Diffamierung entfernt.,https://www.google.com/maps/place/Le+Viny+babershop/data=!4m7!3m6!1s0x479e275cd2afe0f7:0x867e5fefdf04158e!8m2!3d48.5398519!4d12.150881!16s%2Fg%2F11gkx1_qv2!19sChIJ9-Cv0lwnnkcRjhUE3-9ffoY?authuser=0&hl=de&rclk=1
14,Call a Pizza Landshut,84028,"Seligenthaler Str. 48, 84034 Landshut",4.4,173,21–50,21,50,35.5,17.03,3.821,21 bis 50 Bewertungen aufgrund von Beschwerden wegen Diffamierung entfernt.,https://www.google.com/maps/place/Call+a+Pizza+Landshut/data=!4m7!3m6!1s0x479e25e17f4ad85f:0xdbea9b312a329d73!8m2!3d48.5450775!4d12.1438004!16s%2Fg%2F1ptz0rrj5!19sChIJX9hKf-ElnkcRc50yKjGb6ts?authuser=0&hl=de&rclk=1
15,Primo Pizzeria Restaurant & Heimservice - Landshut,84028,"Sonnenstraße 17, 84030 Ergolding",4.7,136,21–50,21,50,35.5,20.7,3.934,21 bis 50 Bewertungen aufgrund von Beschwerden wegen Diffamierung entfernt.,https://www.google.com/maps/place/Primo+Pizzeria+Restaurant+%26+Heimservice+-+Landshut/data=!4m7!3m6!1s0x479e2602878fb36f:0x5416ff2d748847d4!8m2!3d48.5581158!4d12.1630958!16s%2Fg%2F1tdpqn8z!19sChIJb7OPhwImnkcR1EeIdC3_FlQ?authuser=0&hl=de&rclk=1
16,Gasthof Ramsauer,84030,"Hauptstraße 70, 84088 Neufahrn in Niederbayern",4.8,135,21–50,21,50,35.5,20.82,4.009,21 bis 50 Bewertungen aufgrund von Beschwerden wegen Diffamierung entfernt.,https://www.google.com/maps/place/Gasthof+Ramsauer/data=!4m10!3m9!1s0x479fd33b442de3d5:0x700b076882ddbf6f!5m2!4m1!1i2!8m2!3d48.7328102!4d12.1893295!16s%2Fg%2F1tg4vvgn!19sChIJ1eMtRDvTn0cRb7_dgmgHC3A?authuser=0&hl=de&rclk=1
17,Habibi orientalische Küche,84028,"Johannisstraße 11, 84034 Landshut",4.8,129,21–50,21,50,35.5,21.58,3.98,21 bis 50 Bewertungen aufgrund von Beschwerden wegen Diffamierung entfernt.,https://www.google.com/maps/place/Habibi+orientalische+K%C3%BCche/data=!4m7!3m6!1s0x479e25813406968d:0x383f391e9652dc02!8m2!3d48.5432185!4d12.1448378!16s%2Fg%2F11jx6q_vcp!19sChIJjZYGNIElnkcRAtxSlh45Pzg?authuser=0&hl=de&rclk=1
18,Volkswagen Zentrum Landshut Hans Eichbichler GmbH & Co. KG,84030,"Liebigstraße 4, 84030 Landshut",4.7,1637,11–20,11,20,15.5,0.94,4.665,11 bis 20 Bewertungen aufgrund von Beschwerden wegen Diffamierung entfernt.,https://www.google.com/maps/place/Volkswagen+Zentrum+Landshut+Hans+Eichbichler+GmbH+%26+Co.+KG/data=!4m7!3m6!1s0x479e25fd43186cad:0x4329b9a0746aa800!8m2!3d48.5508238!4d12.1487597!16s%2Fg%2F11c606qj64!19sChIJrWwYQ_0lnkcRAKhqdKC5KUM?authuser=0&hl=de&rclk=1
19,MY LY Wok & Sushi Bar,84028,"Ländgasse 122, 84028 Landshut",4.8,971,11–20,11,20,15.5,1.57,4.74,11 bis 20 Bewertungen aufgrund von Beschwerden wegen Diffamierung entfernt.,https://www.google.com/maps/place/MY+LY+Wok+%26+Sushi+Bar/data=!4m7!3m6!1s0x479e267381ac2835:0x46bee1462266b9e0!8m2!3d48.53688!4d12.15093!16s%2Fg%2F1v6wn963!19sChIJNSisgXMmnkcR4LlmIkbhvkY?authuser=0&hl=de&rclk=1
20,Bäckerei Café Rauchensteiner,84144,"Ottostraße 1, 84144 Geisenhausen",4.8,569,11–20,11,20,15.5,2.65,4.699,11 bis 20 Bewertungen aufgrund von Beschwerden wegen Diffamierung entfernt.,https://www.google.com/maps/place/B%C3%A4ckerei+Caf%C3%A9+Rauchensteiner/data=!4m7!3m6!1s0x4775898ea1a8cdff:0xcea849580762459d!8m2!3d48.4841505!4d12.2436626!16s%2Fg%2F1tdmj96r!19sChIJ_82ooY6JdUcRnUViB1hJqM4?authuser=0&hl=de&rclk=1
21,Restaurant Dynasty,84028,"Marschallstraße 19, 84028 Landshut",4.5,554,11–20,11,20,15.5,2.72,4.405,11 bis 20 Bewertungen aufgrund von Beschwerden wegen Diffamierung entfernt.,https://www.google.com/maps/place/Restaurant+Dynasty/data=!4m7!3m6!1s0x479e26146dd5cc5d:0x6eb48f6a71944ca!8m2!3d48.5413407!4d12.166903!16s%2Fg%2F1v1tm1xd!19sChIJXczVbRQmnkcRykQZp_ZI6wY?authuser=0&hl=de&rclk=1
22,Aladin's Kebap,84028,"Ritter-von-Schoch-Straße 19, 84036 Landshut",4.7,425,11–20,11,20,15.5,3.52,4.57,11 bis 20 Bewertungen aufgrund von Beschwerden wegen Diffamierung entfernt.,https://www.google.com/maps/place/Aladin%27s+Kebap/data=!4m7!3m6!1s0x479e26735a1546bf:0x75b3e67d0e1ec6ed!8m2!3d48.5459991!4d12.1799181!16s%2Fg%2F1v5k1_cq!19sChIJv0YVWnMmnkcR7cYeDn3ms3U?authuser=0&hl=de&rclk=1
23,EDEKA,84028,"Goethestraße 80, 84032 Landshut",4.1,386,11–20,11,20,15.5,3.86,3.98,11 bis 20 Bewertungen aufgrund von Beschwerden wegen Diffamierung entfernt.,https://www.google.com/maps/place/EDEKA/data=!4m7!3m6!1s0x479e25f6f792b255:0x1043af860cbb4934!8m2!3d48.5589138!4d12.135481!16s%2Fg%2F1tcvn7_2!19sChIJVbKS9_YlnkcRNEm7DIavQxA?authuser=0&hl=de&rclk=1
24,Little Avlija Brzovic - Balkan-Spezialitäten,84028,"Ländgasse 112, 84028 Landshut",4.9,311,11–20,11,20,15.5,4.75,4.715,11 bis 20 Bewertungen aufgrund von Beschwerden wegen Diffamierung entfernt.,https://www.google.com/maps/place/Little+Avlija+Brzovic+-+Balkan-Spezialit%C3%A4ten/data=!4m7!3m6!1s0x479e27f15973c10b:0x334b95dd060823e2!8m2!3d48.5374563!4d12.1515634!16s%2Fg%2F11smg_pj99!19sChIJC8FzWfEnnkcR4iMIBt2VSzM?authuser=0&hl=de&rclk=1
25,SOYO - Restaurant & Bar,84028,"Bismarckpl. 8, 84034 Landshut",4.7,256,11–20,11,20,15.5,5.71,4.489,11 bis 20 Bewertungen aufgrund von Beschwerden wegen Diffamierung entfernt.,https://www.google.com/maps/place/SOYO+-+Restaurant+%26+Bar/data=!4m7!3m6!1s0x479e277f4645b509:0x211705a8b7780a2a!8m2!3d48.5417826!4d12.1487708!16s%2Fg%2F11v15lrwp1!19sChIJCbVFRn8nnkcRKgp4t6gFFyE?authuser=0&hl=de&rclk=1
26,CHARMANT Landshut,84028,"Ritter-von-Schoch-Straße 19, 84036 Landshut",4.9,172,11–20,11,20,15.5,8.27,4.578,11 bis 20 Bewertungen aufgrund von Beschwerden wegen Diffamierung entfernt.,https://www.google.com/maps/place/CHARMANT+Landshut/data=!4m7!3m6!1s0x479e27a48120979d:0xde0d5437b8c17270!8m2!3d48.5459285!4d12.179724!16s%2Fg%2F11j_2fdq9s!19sChIJnZcggaQnnkcRcHLBuDdUDd4?authuser=0&hl=de&rclk=1
27,Nikolaidis Griechisches Restaurant,84028,"Heilig-Geist-Gasse 403, 84028 Landshut",4.8,135,11–20,11,20,15.5,10.3,4.409,11 bis 20 Bewertungen aufgrund von Beschwerden wegen Diffamierung entfernt.,https://www.google.com/maps/place/Nikolaidis+Griechisches+Restaurant/data=!4m7!3m6!1s0x479e27000d7b4355:0x51f3b66fcb76e6d1!8m2!3d48.5385654!4d12.1533814!16s%2Fg%2F11vzlk5sjd!19sChIJVUN7DQAnnkcR0eZ2y2-281E?authuser=0&hl=de&rclk=1
28,easyApotheke Landshut-Park,84028,"Ludwig-Erhard-Straße 9, 84034 Landshut",4,43,11–20,11,20,15.5,26.5,3.205,11 bis 20 Bewertungen aufgrund von Beschwerden wegen Diffamierung entfernt.,https://www.google.com/maps/place/easyApotheke+Landshut-Park/data=!4m7!3m6!1s0x479e25a6c174e8e7:0x301da2c502402604!8m2!3d48.54034!4d12.1005455!16s%2Fg%2F1tx14c36!19sChIJ5-h0waYlnkcRBCZAAsWiHTA?authuser=0&hl=de&rclk=1
29,EDEKA Leeb,84028,"Podewilsstraße 14, 84034 Landshut",4.2,899,6–10,6,10,8,0.88,4.172,Sechs bis zehn Bewertungen aufgrund von Beschwerden wegen Diffamierung entfernt.,https://www.google.com/maps/place/EDEKA+Leeb/data=!4m7!3m6!1s0x479e260c0faa1713:0x57a8ebb00224c80c!8m2!3d48.5439101!4d12.1556665!16s%2Fg%2F11bw4r80b5!19sChIJExeqDwwmnkcRDMgkArDrqFc?authuser=0&hl=de&rclk=1
30,La Anatolia - Südländische Küche,84028,"Altstadt 368, 84028 Landshut",4.7,657,6–10,6,10,8,1.2,4.655,Sechs bis zehn Bewertungen aufgrund von Beschwerden wegen Diffamierung entfernt.,https://www.google.com/maps/place/La+Anatolia+-+S%C3%BCdl%C3%A4ndische+K%C3%BCche/data=!4m7!3m6!1s0x479e27074217b553:0x44f28f6867ef2b33!8m2!3d48.5378303!4d12.1527275!16s%2Fg%2F11j37c3fv6!19sChIJU7UXQgcnnkcRMyvvZ2iP8kQ?authuser=0&hl=de&rclk=1
31,Arena Döner,84028,,4.7,618,6–10,6,10,8,1.28,4.653,Sechs bis zehn Bewertungen aufgrund von Beschwerden wegen Diffamierung entfernt.,https://www.google.com/maps/place/Arena+D%C3%B6ner/data=!4m7!3m6!1s0x479e260041fe2951:0x3bb24003a80ff6c4!8m2!3d48.5577188!4d12.1548486!16s%2Fg%2F11c6pldfkk!19sChIJUSn-QQAmnkcRxPYPqANAsjs?authuser=0&hl=de&rclk=1
32,Autohaus Dorn GmbH,84030,"Ingolstädter Str. 7, 84030 Landshut",4.7,588,6–10,6,10,8,1.34,4.65,Sechs bis zehn Bewertungen aufgrund von Beschwerden wegen Diffamierung entfernt.,https://www.google.com/maps/place/Autohaus+Dorn+GmbH/data=!4m7!3m6!1s0x479e28bb4fc70329:0xbe2095995ffdd4ab!8m2!3d48.5615715!4d12.1357663!16s%2Fg%2F1vzv2nz5!19sChIJKQPHT7sonkcRq9T9X5mVIL4?authuser=0&hl=de&rclk=1
33,Lucky Bike Ergolding/Landshut,84030,"Industriestraße 41, 84030 Ergolding",4.5,436,6–10,6,10,8,1.8,4.437,Sechs bis zehn Bewertungen aufgrund von Beschwerden wegen Diffamierung entfernt.,https://www.google.com/maps/place/Lucky+Bike+Ergolding%2FLandshut/data=!4m7!3m6!1s0x479e2601b03dac9f:0x62b766f2c237e605!8m2!3d48.5573213!4d12.156921!16s%2Fg%2F11cnp_s_93!19sChIJn6w9sAEmnkcRBeY3wvJmt2I?authuser=0&hl=de&rclk=1
34,Gabelsbergerhof Landshut,84028,"Gabelsbergerstraße 19, 84034 Landshut",4.7,279,6–10,6,10,8,2.79,4.597,Sechs bis zehn Bewertungen aufgrund von Beschwerden wegen Diffamierung entfernt.,https://www.google.com/maps/place/Gabelsbergerhof+Landshut/data=!4m7!3m6!1s0x479e26763ce3c14b:0x44ecc9eb1a87c283!8m2!3d48.5339968!4d12.1434958!16s%2Fg%2F1wc46zbw!19sChIJS8HjPHYmnkcRg8KHGuvJ7EQ?authuser=0&hl=de&rclk=1
35,Isa Friseursalon & Kosmetik Landshut,84028,"Rosengasse 349, 84028 Landshut",4.9,262,6–10,6,10,8,2.96,4.784,Sechs bis zehn Bewertungen aufgrund von Beschwerden wegen Diffamierung entfernt.,https://www.google.com/maps/place/Isa+Friseursalon+%26+Kosmetik+Landshut/data=!4m7!3m6!1s0x479e267300853b19:0xef15802d2d0a5f7!8m2!3d48.5368427!4d12.1535539!16s%2Fg%2F11bzt778xr!19sChIJGTuFAHMmnkcR96XQ0gJY8Q4?authuser=0&hl=de&rclk=1
36,Casa Sicilia,84028,"Altstadt 74, 84028 Landshut",4.8,252,6–10,6,10,8,3.08,4.683,Sechs bis zehn Bewertungen aufgrund von Beschwerden wegen Diffamierung entfernt.,https://www.google.com/maps/place/Casa+Sicilia/data=!4m7!3m6!1s0x479e2784d3b4b759:0xa5619879c7d49f04!8m2!3d48.5357024!4d12.1506164!16s%2Fg%2F11thqnf9l8!19sChIJWbe004QnnkcRBJ_Ux3mYYaU?authuser=0&hl=de&rclk=1
37,New Mountains Fitness & Wellness Loft - Landshut,84028,"Innere Regensburger Str. 1, 84034 Landshut",4.9,176,6–10,6,10,8,4.35,4.73,Sechs bis zehn Bewertungen aufgrund von Beschwerden wegen Diffamierung entfernt.,https://www.google.com/maps/place/New+Mountains+Fitness+%26+Wellness+Loft+-+Landshut/data=!4m7!3m6!1s0x479e260b1a6b6e31:0x235d9c6a9f8a30e6!8m2!3d48.5414391!4d12.1498394!16s%2Fg%2F1vgw7mkp!19sChIJMW5rGgsmnkcR5jCKn2qcXSM?authuser=0&hl=de&rclk=1
38,Surahi Landshut - indische Spezialitäten Restaurant,84028,"Ergoldinger Str. 2c, 84030 Landshut",4.7,151,6–10,6,10,8,5.03,4.514,Sechs bis zehn Bewertungen aufgrund von Beschwerden wegen Diffamierung entfernt.,https://www.google.com/maps/place/Surahi+Landshut+-+indische+Spezialit%C3%A4ten+Restaurant/data=!4m7!3m6!1s0x479e2534bfbcbd29:0xab852a9b3f842c82!8m2!3d48.5503456!4d12.1406203!16s%2Fg%2F11ssvfc831!19sChIJKb28vzQlnkcRgiyEP5sqhas?authuser=0&hl=de&rclk=1
39,"Gym10 Landshut - Fitness ab 19,90 EUR/Monat",84028,"Industriestraße 38, 84030 Ergolding",4.8,133,6–10,6,10,8,5.67,4.584,Sechs bis zehn Bewertungen aufgrund von Beschwerden wegen Diffamierung entfernt.,"https://www.google.com/maps/place/Gym10+Landshut+-+Fitness+ab+19,90+EUR%2FMonat/data=!4m7!3m6!1s0x479e270b66337137:0x180b433e7aaf40f7!8m2!3d48.5578635!4d12.1552365!16s%2Fg%2F11x2bmd6fd!19sChIJN3EzZgsnnkcR90Cvej5DCxg?authuser=0&hl=de&rclk=1"
40,Noon Mirch Hotel & Restaurant,84030,"Hofmark 1, 84174 Eching",4.7,127,6–10,6,10,8,5.93,4.481,Sechs bis zehn Bewertungen aufgrund von Beschwerden wegen Diffamierung entfernt.,https://www.google.com/maps/place/Noon+Mirch+Hotel+%26+Restaurant/data=!4m10!3m9!1s0x479e25569f7cc23f:0x28864ec669194d7e!5m2!4m1!1i2!8m2!3d48.4935596!4d12.0402827!16s%2Fg%2F11vq9mw_dl!19sChIJP8J8n1YlnkcRfk0ZacZOhig?authuser=0&hl=de&rclk=1
41,Noon Mirch Indisches Restaurant — Altstadt Landshut,84028,"Altstadt 30, 84028 Landshut",4.9,111,6–10,6,10,8,6.72,4.638,Sechs bis zehn Bewertungen aufgrund von Beschwerden wegen Diffamierung entfernt.,https://www.google.com/maps/place/Noon+Mirch+Indisches+Restaurant+%E2%80%94+Altstadt+Landshut/data=!4m7!3m6!1s0x479e27855179e02d:0x74b304a1de84b6d8!8m2!3d48.534235!4d12.1502826!16s%2Fg%2F11xl5_336d!19sChIJLeB5UYUnnkcR2LaE3qEEs3Q?authuser=0&hl=de&rclk=1
42,Aktiv-Möbelhandelsgesellschaft OHG,84032,"Ricarda-Huch-Straße 1, 84032 Landshut",4.9,90,6–10,6,10,8,8.16,4.582,Sechs bis zehn Bewertungen aufgrund von Beschwerden wegen Diffamierung entfernt.,https://www.google.com/maps/place/Aktiv-M%C3%B6belhandelsgesellschaft+OHG/data=!4m7!3m6!1s0x479e258c51e3d469:0xd2b63770e88ceb07!8m2!3d48.5559254!4d12.1208091!16s%2Fg%2F11g9dr1n3n!19sChIJadTjUYwlnkcRB-uM6HA3ttI?authuser=0&hl=de&rclk=1
43,Kinderhaus Blaubaer,84144,"Ohmstraße 11, 84144 Geisenhausen",4.9,52,6–10,6,10,8,13.33,4.38,Sechs bis zehn Bewertungen aufgrund von Beschwerden wegen Diffamierung entfernt.,https://www.google.com/maps/place/Kinderhaus+Blaubaer/data=!4m7!3m6!1s0x477589ee1b876245:0x7fca3a5f701665b!8m2!3d48.4789501!4d12.2454387!16s%2Fg%2F11bvt8g8tv!19sChIJRWKHG-6JdUcRW2YB96Wj_Ac?authuser=0&hl=de&rclk=1
44,Altstadt-Apotheke,84028,"Altstadt 27, 84028 Landshut",4.6,48,6–10,6,10,8,14.29,4.086,Sechs bis zehn Bewertungen aufgrund von Beschwerden wegen Diffamierung entfernt.,https://www.google.com/maps/place/Altstadt-Apotheke/data=!4m7!3m6!1s0x479e267144447e03:0x531d3567b3fc4733!8m2!3d48.53377!4d12.15011!16s%2Fg%2F1txy19nb!19sChIJA35ERHEmnkcRM0f8s2c1HVM?authuser=0&hl=de&rclk=1
45,"Snack'n'Go 24/7 Kiosk Snacks, Drinks, Goods | Zigaretten Vapes Alkohol Kaffee Popcorn Indoorspiele Tabak Snus (Snackautomat)",84137,"Frontenhausener Str. 3, 84137 Vilsbiburg",4.9,20,6–10,6,10,8,28.57,3.786,Sechs bis zehn Bewertungen aufgrund von Beschwerden wegen Diffamierung entfernt.,"https://www.google.com/maps/place/Snack%27n%27Go+24%2F7+Kiosk+Snacks,+Drinks,+Goods+%7C+Zigaretten+Vapes+Alkohol+Kaffee+Popcorn+Indoorspiele+Tabak+Snus+%28Snackautomat%29/data=!4m7!3m6!1s0x47758d6a31568dbd:0xd6ba509c8a7be83c!8m2!3d48.4502067!4d12.3543874!16s%2Fg%2F11xw58yq7l!19sChIJvY1WMWqNdUcRPOh7ipxQutY?authuser=0&hl=de&rclk=1"
46,Il Padrino,84028,"Isarpromenade 3, 84028 Landshut",4.7,622,2–5,2,5,3.5,0.56,4.679,Zwei bis fünf Bewertungen aufgrund von Beschwerden wegen Diffamierung entfernt.,https://www.google.com/maps/place/Il+Padrino/data=!4m7!3m6!1s0x479e272b7d4343dd:0x4820ed40be9923ed!8m2!3d48.5360541!4d12.14953!16s%2Fg%2F11hyfyc03x!19sChIJ3UNDfSsnnkcR7SOZvkDtIEg?authuser=0&hl=de&rclk=1
47,Audi Zentrum Landshut - Zweigniederlassung der Hans Eichbichler GmbH & Co.KG,84030,"Liebigstraße 6, 84030 Landshut",4.4,535,2–5,2,5,3.5,0.65,4.378,Zwei bis fünf Bewertungen aufgrund von Beschwerden wegen Diffamierung entfernt.,https://www.google.com/maps/place/Audi+Zentrum+Landshut+-+Zweigniederlassung+der+Hans+Eichbichler+GmbH+%26+Co.KG/data=!4m7!3m6!1s0x479e25fd41ff9e57:0xcd8ef6aa79fbd1a2!8m2!3d48.5516561!4d12.148211!16s%2Fg%2F1tl9lkrm!19sChIJV57_Qf0lnkcRotH7ear2js0?authuser=0&hl=de&rclk=1
48,Opel Autohaus Sieber - Landshut,84137,"Watzmannstraße 54, 84034 Landshut",4.6,498,2–5,2,5,3.5,0.7,4.575,Zwei bis fünf Bewertungen aufgrund von Beschwerden wegen Diffamierung entfernt.,https://www.google.com/maps/place/Opel+Autohaus+Sieber+-+Landshut/data=!4m7!3m6!1s0x479e25c660110de7:0x585d93b7e511c7f7!8m2!3d48.535954!4d12.1207939!16s%2Fg%2F1tdh2vw5!19sChIJ5w0RYMYlnkcR98cR5beTXVg?authuser=0&hl=de&rclk=1
49,clever fit Landshut,84028,"Oberndorferstraße 2, 84032 Landshut",4.7,408,2–5,2,5,3.5,0.85,4.669,Zwei bis fünf Bewertungen aufgrund von Beschwerden wegen Diffamierung entfernt.,https://www.google.com/maps/place/clever+fit+Landshut/data=!4m7!3m6!1s0x479e25e515f4518f:0xffbe5233cb0b2563!8m2!3d48.5502133!4d12.1381997!16s%2Fg%2F11b6cpplnq!19sChIJj1H0FeUlnkcRYyULyzNSvv8?authuser=0&hl=de&rclk=1
50,Simit Café,84028,"Äußere Parkstraße 5, 84032 Altdorf",4.9,392,2–5,2,5,3.5,0.88,4.865,Zwei bis fünf Bewertungen aufgrund von Beschwerden wegen Diffamierung entfernt.,https://www.google.com/maps/place/Simit+Caf%C3%A9/data=!4m7!3m6!1s0x479e254340e40db9:0x44628b519400e1af!8m2!3d48.5475766!4d12.1108427!16s%2Fg%2F11lfgc5gz7!19sChIJuQ3kQEMlnkcRr-EAlFGLYkQ?authuser=0&hl=de&rclk=1
51,HQ - Grill | Wok | Sushi Landshut,84028,"Regierungsstraße 572, 84028 Landshut",4.8,370,2–5,2,5,3.5,0.94,4.764,Zwei bis fünf Bewertungen aufgrund von Beschwerden wegen Diffamierung entfernt.,https://www.google.com/maps/place/HQ+-+Grill+%7C+Wok+%7C+Sushi+Landshut/data=!4m7!3m6!1s0x479e267285caef29:0x1f386cbca6a967cc!8m2!3d48.5368593!4d12.1565658!16s%2Fg%2F1hc5t3sj3!19sChIJKe_KhXImnkcRzGepprxsOB8?authuser=0&hl=de&rclk=1
52,clever fit LANDSHUT WEST,84028,"Ludwig-Erhard-Straße 36, 84034 Landshut",4.7,218,2–5,2,5,3.5,1.58,4.642,Zwei bis fünf Bewertungen aufgrund von Beschwerden wegen Diffamierung entfernt.,https://www.google.com/maps/place/clever+fit+LANDSHUT+WEST/data=!4m7!3m6!1s0x479e25fe01cdbec5:0x43419971f178609e!8m2!3d48.5406845!4d12.1075535!16s%2Fg%2F1thp6zz5!19sChIJxb7NAf4lnkcRnmB48XGZQUM?authuser=0&hl=de&rclk=1
53,New Mountains Fitness & Wellness Loft - Moosburg,84030,"Gewerbegebiet Degernpoint, Degernpoint D6, 85368 Moosburg an der Isar",4.8,216,2–5,2,5,3.5,1.59,4.739,Zwei bis fünf Bewertungen aufgrund von Beschwerden wegen Diffamierung entfernt.,https://www.google.com/maps/place/New+Mountains+Fitness+%26+Wellness+Loft+-+Moosburg/data=!4m7!3m6!1s0x479e3cf1bb07523d:0x98e32a03ae077686!8m2!3d48.470983!4d11.966729!16s%2Fg%2F1q6j7vjgd!19sChIJPVIHu_E8nkcRhnYHrgMq45g?authuser=0&hl=de&rclk=1
54,Amiri Restaurant,84028,"Eingang, Neustadt, Bischof-Sailer-Platz 436, 84028 Landshut",4.8,199,2–5,2,5,3.5,1.73,4.734,Zwei bis fünf Bewertungen aufgrund von Beschwerden wegen Diffamierung entfernt.,https://www.google.com/maps/place/Amiri+Restaurant/data=!4m7!3m6!1s0x479e279959809e91:0x5314526b9420925b!8m2!3d48.5383173!4d12.1543931!16s%2Fg%2F11x5sfmrwy!19sChIJkZ6AWZknnkcRW5IglGtSFFM?authuser=0&hl=de&rclk=1
55,Beyt Beytak Abu Ali,84028,"Regierungsstraße 568, 84034 Landshut",4.9,197,2–5,2,5,3.5,1.75,4.832,Zwei bis fünf Bewertungen aufgrund von Beschwerden wegen Diffamierung entfernt.,https://www.google.com/maps/place/Beyt+Beytak+Abu+Ali/data=!4m7!3m6!1s0x479e271a585cabc9:0xc436361db39a5d36!8m2!3d48.5367111!4d12.15594!16s%2Fg%2F11szkm8mt9!19sChIJyatcWBonnkcRNl2asx02NsQ?authuser=0&hl=de&rclk=1
56,Haarentfernung Landshut - Hairless Skin,84028,"Altstadt 296, 84028 Landshut",5,175,2–5,2,5,3.5,1.96,4.922,Zwei bis fünf Bewertungen aufgrund von Beschwerden wegen Diffamierung entfernt.,https://www.google.com/maps/place/Haarentfernung+Landshut+-+Hairless+Skin/data=!4m7!3m6!1s0x479e27cd348b0307:0x532ff6ceb192cec1!8m2!3d48.5354197!4d12.1514259!16s%2Fg%2F11p55zsjgy!19sChIJBwOLNM0nnkcRwc6Ssc72L1M?authuser=0&hl=de&rclk=1
57,Cafe Kreuzer Konditorei,84028,"Regierungsstraße 564, 84028 Landshut",4.4,170,2–5,2,5,3.5,2.02,4.331,Zwei bis fünf Bewertungen aufgrund von Beschwerden wegen Diffamierung entfernt.,https://www.google.com/maps/place/Cafe+Kreuzer+Konditorei/data=!4m7!3m6!1s0x479e26728aa90273:0xb410a6663610489!8m2!3d48.5366089!4d12.1554492!16s%2Fg%2F1tdx7pwq!19sChIJcwKpinImnkcRiQRhY2YKQQs?authuser=0&hl=de&rclk=1
58,Sonnenstudio am Bismarckplatz,84028,"Pfettrachgasse, Bismarckpl. 1, 84034 Landshut",4.9,149,2–5,2,5,3.5,2.3,4.81,Zwei bis fünf Bewertungen aufgrund von Beschwerden wegen Diffamierung entfernt.,https://www.google.com/maps/place/Sonnenstudio+am+Bismarckplatz/data=!4m7!3m6!1s0x479e260ae1683269:0xdf443a761285a622!8m2!3d48.5414145!4d12.14869!16s%2Fg%2F1tgyvply!19sChIJaTJo4QomnkcRIqaFEnY6RN8?authuser=0&hl=de&rclk=1
59,Asian Foodhall,84028,"Altstadt 337, 84028 Landshut",4.6,140,2–5,2,5,3.5,2.44,4.512,Zwei bis fünf Bewertungen aufgrund von Beschwerden wegen Diffamierung entfernt.,https://www.google.com/maps/place/Asian+Foodhall/data=!4m7!3m6!1s0x479e2700694d2e5f:0x9985ad36dffc9aa2!8m2!3d48.5367142!4d12.1522669!16s%2Fg%2F11y78t4n5w!19sChIJXy5NaQAnnkcRopr83zathZk?authuser=0&hl=de&rclk=1
60,TRES LLAMAS Spezialitäten - Café,84028,"Neustadt 496, 84028 Landshut",4.8,134,2–5,2,5,3.5,2.55,4.703,Zwei bis fünf Bewertungen aufgrund von Beschwerden wegen Diffamierung entfernt.,https://www.google.com/maps/place/TRES+LLAMAS+Spezialit%C3%A4ten+-+Caf%C3%A9/data=!4m7!3m6!1s0x479e278b856e8917:0x472eeec8ea2a5ca7!8m2!3d48.5346095!4d12.154027!16s%2Fg%2F11ll3865dp!19sChIJF4luhYsnnkcRp1wq6sjuLkc?authuser=0&hl=de&rclk=1
61,Sport-Geschäft Sport Mode Schäbel Landshut,84028,"Bischof-Sailer-Platz 420, 84028 Landshut",4.8,120,2–5,2,5,3.5,2.83,4.692,Zwei bis fünf Bewertungen aufgrund von Beschwerden wegen Diffamierung entfernt.,https://www.google.com/maps/place/Sport-Gesch%C3%A4ft+Sport+Mode+Sch%C3%A4bel+Landshut/data=!4m7!3m6!1s0x479e26732915b3c3:0xbac7852fad73c288!8m2!3d48.5388441!4d12.1543353!16s%2Fg%2F1tffyh3p!19sChIJw7MVKXMmnkcRiMJzrS-Fx7o?authuser=0&hl=de&rclk=1
62,Haus des Döners,84028,"Ludwig-Erhard-Straße 1, 84034 Landshut",4.9,113,2–5,2,5,3.5,3,4.783,Zwei bis fünf Bewertungen aufgrund von Beschwerden wegen Diffamierung entfernt.,https://www.google.com/maps/place/Haus+des+D%C3%B6ners/data=!4m7!3m6!1s0x479e255a9a272907:0xe6c9b1a4b573a10a!8m2!3d48.5389298!4d12.095145!16s%2Fg%2F11z4796lch!19sChIJByknmlolnkcRCqFztaSxyeY?authuser=0&hl=de&rclk=1
63,max.Friseure Inh. Max Steinbrunner jun.,84137,"Marienpl. 8, 84130 Dingolfing",4.8,110,2–5,2,5,3.5,3.08,4.683,Zwei bis fünf Bewertungen aufgrund von Beschwerden wegen Diffamierung entfernt.,https://www.google.com/maps/place/max.Friseure+Inh.+Max+Steinbrunner+jun./data=!4m7!3m6!1s0x4109605fc6b91135:0xdeab276907668a67!8m2!3d48.6291837!4d12.4987838!16s%2Fg%2F1tkmlc8s!19sChIJNRG5xl9gCUERZ4pmB2knq94?authuser=0&hl=de&rclk=1
64,Apartimo Landshut,84028,"Seligenthaler Str. 40, 84034 Landshut",4.7,99,2–5,2,5,3.5,3.41,4.574,Zwei bis fünf Bewertungen aufgrund von Beschwerden wegen Diffamierung entfernt.,https://www.google.com/maps/place/Apartimo+Landshut/data=!4m10!3m9!1s0x479e25e189d448a9:0x92fa96bd24294c8d!5m2!4m1!1i2!8m2!3d48.545317!4d12.145084!16s%2Fg%2F11h110j0dr!19sChIJqUjUieElnkcRjUwpJL2W-pI?authuser=0&hl=de&rclk=1
65,Apartimo Landshut,84028,"Seligenthaler Str. 40, 84034 Landshut",4.7,99,2–5,2,5,3.5,3.41,4.574,Zwei bis fünf Bewertungen aufgrund von Beschwerden wegen Diffamierung entfernt.,https://www.google.com/maps/place/Apartimo+Landshut/data=!4m10!3m9!1s0x479e2503641fbf45:0x92fa96bd24294c8d!5m2!4m1!1i2!8m2!3d48.5453169!4d12.145084!16s%2Fg%2F11h110j0dr!19sChIJRb8fZAMlnkcRjUwpJL2W-pI?authuser=0&hl=de&rclk=1
66,Vils-Residenz Chalets - 5 Sterne,84030,"Haubenberg 42, 84137 Vilsbiburg",4.9,97,2–5,2,5,3.5,3.48,4.764,Zwei bis fünf Bewertungen aufgrund von Beschwerden wegen Diffamierung entfernt.,https://www.google.com/maps/place/Vils-Residenz+Chalets+-+5+Sterne/data=!4m10!3m9!1s0x4775895a8348bc45:0xf8ef85eec483ae02!5m2!4m1!1i2!8m2!3d48.4874088!4d12.3292569!16s%2Fg%2F11rg42m6h1!19sChIJRbxIg1qJdUcRAq6DxO6F7_g?authuser=0&hl=de&rclk=1
67,Coiffeur Hofstetter,84028,"Luitpoldstraße 17A, 84034 Landshut",4.9,92,2–5,2,5,3.5,3.66,4.757,Zwei bis fünf Bewertungen aufgrund von Beschwerden wegen Diffamierung entfernt.,https://www.google.com/maps/place/Coiffeur+Hofstetter/data=!4m7!3m6!1s0x479e267588e61399:0x9058dd5cf230c7bf!8m2!3d48.5371309!4d12.1438247!16s%2Fg%2F1tdmzh4r!19sChIJmRPmiHUmnkcRv8cw8lzdWJA?authuser=0&hl=de&rclk=1
68,Sonnen Apotheke,84028,"Neustadt 521, 84028 Landshut",4,86,2–5,2,5,3.5,3.91,3.883,Zwei bis fünf Bewertungen aufgrund von Beschwerden wegen Diffamierung entfernt.,https://www.google.com/maps/place/Sonnen+Apotheke/data=!4m7!3m6!1s0x479e267256bf20a9:0xbeff3d92bf6ed1a5!8m2!3d48.5365188!4d12.1544052!16s%2Fg%2F1vv2r6_5!19sChIJqSC_VnImnkcRpdFuv5I9_74?authuser=0&hl=de&rclk=1
69,New Mountains Fitness & Wellness Loft - Vilsbiburg,84144,"Rieder Im Feld 5, 84137 Vilsbiburg",4.6,84,2–5,2,5,3.5,4,4.456,Zwei bis fünf Bewertungen aufgrund von Beschwerden wegen Diffamierung entfernt.,https://www.google.com/maps/place/New+Mountains+Fitness+%26+Wellness+Loft+-+Vilsbiburg/data=!4m7!3m6!1s0x47758c02405935d3:0xc59cd9bb05287ae0!8m2!3d48.4570696!4d12.333135!16s%2Fg%2F11gh067rsn!19sChIJ0zVZQAKMdUcR4HooBbvZnMU?authuser=0&hl=de&rclk=1
70,La Barista,84028,"Rosengasse 342, 84028 Landshut",4.9,82,2–5,2,5,3.5,4.09,4.74,Zwei bis fünf Bewertungen aufgrund von Beschwerden wegen Diffamierung entfernt.,https://www.google.com/maps/place/La+Barista/data=!4m7!3m6!1s0x479e271bc6fe95ad:0xac22ad49d41ab044!8m2!3d48.5367551!4d12.1530086!16s%2Fg%2F11lts7hc1p!19sChIJrZX-xhsnnkcRRLAa1EmtIqw?authuser=0&hl=de&rclk=1
71,"SALUS Apotheke, Ergolding bei Landshut",84030,"Industriestraße 11, 84030 Ergolding",4.7,78,2–5,2,5,3.5,4.29,4.541,Zwei bis fünf Bewertungen aufgrund von Beschwerden wegen Diffamierung entfernt.,"https://www.google.com/maps/place/SALUS+Apotheke,+Ergolding+bei+Landshut/data=!4m7!3m6!1s0x479e28a949ce462d:0xdc266998ffe93507!8m2!3d48.5633013!4d12.1635647!16s%2Fg%2F11dfwytnxm!19sChIJLUbOSakonkcRBzXp_5hpJtw?authuser=0&hl=de&rclk=1"
72,La-Chicken Grillhähnchen,84030,"Luitpoldstraße 73, 84034 Landshut",4.9,76,2–5,2,5,3.5,4.4,4.728,Zwei bis fünf Bewertungen aufgrund von Beschwerden wegen Diffamierung entfernt.,https://www.google.com/maps/place/La-Chicken+Grillh%C3%A4hnchen/data=!4m7!3m6!1s0x479e25001eeed3a5:0x5eaa13259191f753!8m2!3d48.5446461!4d12.1373545!16s%2Fg%2F11ln18pdvf!19sChIJpdPuHgAlnkcRU_eRkSUTql4?authuser=0&hl=de&rclk=1
73,Friseur Hair & Beauty - Nagelstudio - Haarverlängerung -,84028,"Altdorfer Str. 1, 84032 Landshut",4.9,72,2–5,2,5,3.5,4.64,4.719,Zwei bis fünf Bewertungen aufgrund von Beschwerden wegen Diffamierung entfernt.,https://www.google.com/maps/place/Friseur+Hair+%26+Beauty+-+Nagelstudio+-+Haarverl%C3%A4ngerung+-/data=!4m7!3m6!1s0x479e25e532a92c9f:0x7220a2a9f3416800!8m2!3d48.5510392!4d12.1388871!16s%2Fg%2F11cjp83k4d!19sChIJnyypMuUlnkcRAGhB86miIHI?authuser=0&hl=de&rclk=1
74,"Salon Diamond Friseur, Kosmetik & Beauty",84028,"Neustadt 528, 84028 Landshut",4.9,68,2–5,2,5,3.5,4.9,4.709,Zwei bis fünf Bewertungen aufgrund von Beschwerden wegen Diffamierung entfernt.,"https://www.google.com/maps/place/Salon+Diamond+Friseur,+Kosmetik+%26+Beauty/data=!4m7!3m6!1s0x479e27223e3063f5:0x597fb99f8280b96!8m2!3d48.5371393!4d12.154583!16s%2Fg%2F11q414w5_z!19sChIJ9WMwPiInnkcRlgso-Jn7lwU?authuser=0&hl=de&rclk=1"
75,SERO‘S BARBERSHOP,84028,"Seligenthaler Str. 6, 84034 Landshut",4.7,65,2–5,2,5,3.5,5.11,4.511,Zwei bis fünf Bewertungen aufgrund von Beschwerden wegen Diffamierung entfernt.,https://www.google.com/maps/place/SERO%E2%80%98S+BARBERSHOP/data=!4m7!3m6!1s0x479e2775e2152d91:0x27f7840fc2298708!8m2!3d48.542902!4d12.1486826!16s%2Fg%2F11wvdn5lf7!19sChIJkS0V4nUnnkcRCIcpwg-E9yc?authuser=0&hl=de&rclk=1
76,Si Trattoria Italienische und Amerikanische Küche in Landshut,84030,"Rennweg 119, 84034 Landshut",4.5,54,2–5,2,5,3.5,6.09,4.287,Zwei bis fünf Bewertungen aufgrund von Beschwerden wegen Diffamierung entfernt.,https://www.google.com/maps/place/Si+Trattoria+Italienische+und+Amerikanische+K%C3%BCche+in+Landshut/data=!4m7!3m6!1s0x479e251181f06231:0x57d1058d491a7377!8m2!3d48.5381222!4d12.1218831!16s%2Fg%2F11vysm_6_6!19sChIJMWLwgRElnkcRd3MaSY0F0Vc?authuser=0&hl=de&rclk=1
77,ASMO KÜCHEN Landshut-Nord,84137,"Maybachstraße 8, 84030 Landshut",4.9,52,2–5,2,5,3.5,6.31,4.654,Zwei bis fünf Bewertungen aufgrund von Beschwerden wegen Diffamierung entfernt.,https://www.google.com/maps/place/ASMO+K%C3%9CCHEN+Landshut-Nord/data=!4m7!3m6!1s0x479e2600f88dc999:0xe5b10febb18084e3!8m2!3d48.5568733!4d12.1550594!16s%2Fg%2F1hc363jps!19sChIJmcmN-AAmnkcR44SAsesPseU?authuser=0&hl=de&rclk=1
78,Pension Geiger,84028,"Industriestraße 15A, 84030 Ergolding",4.7,52,2–5,2,5,3.5,6.31,4.467,Zwei bis fünf Bewertungen aufgrund von Beschwerden wegen Diffamierung entfernt.,https://www.google.com/maps/place/Pension+Geiger/data=!4m10!3m9!1s0x479e28abda868f2d:0x8c32fd3484584ea5!5m2!4m1!1i2!8m2!3d48.5618965!4d12.160663!16s%2Fg%2F1tfdxvd8!19sChIJLY-G2qsonkcRpU5YhDT9Mow?authuser=0&hl=de&rclk=1
79,TMPHYSIO Mühleninsel,84028,"Zweibrückenstraße 649, 84028 Landshut",4.7,49,2–5,2,5,3.5,6.67,4.453,Zwei bis fünf Bewertungen aufgrund von Beschwerden wegen Diffamierung entfernt.,https://www.google.com/maps/place/TMPHYSIO+M%C3%BChleninsel/data=!4m7!3m6!1s0x479e71ce89276a53:0x14223749e2df10fb!8m2!3d48.5392217!4d12.1507498!16s%2Fg%2F119w7jf4f!19sChIJU2onic5xnkcR-xDf4kk3IhQ?authuser=0&hl=de&rclk=1
80,Zum Friseur Glashoff,84036,"Marienstraße 4, 84036 Kumhausen",5,39,2–5,2,5,3.5,8.24,4.671,Zwei bis fünf Bewertungen aufgrund von Beschwerden wegen Diffamierung entfernt.,https://www.google.com/maps/place/Zum+Friseur+Glashoff/data=!4m7!3m6!1s0x479e26bee5fdebe7:0x9b1839a2c2b427f3!8m2!3d48.4957933!4d12.1486587!16s%2Fg%2F11f0_dqykt!19sChIJ5-v95b4mnkcR8ye0wqI5GJs?authuser=0&hl=de&rclk=1
81,Gesundheitszentrum Velden - Johann Strohmeier,84137,"Johann Strohmeier, Marktpl. 26, 84149 Velden",5,35,2–5,2,5,3.5,9.09,4.636,Zwei bis fünf Bewertungen aufgrund von Beschwerden wegen Diffamierung entfernt.,https://www.google.com/maps/place/Gesundheitszentrum+Velden+-+Johann+Strohmeier/data=!4m7!3m6!1s0x4775f4ea0aaede95:0xb9da1ba8c48166b3!8m2!3d48.3664332!4d12.2526943!16s%2Fg%2F1tcwvj_g!19sChIJld6uCur0dUcRs2aBxKgb2rk?authuser=0&hl=de&rclk=1
82,Hofberg Apotheke,84028,"Adelmannstraße 5, 84036 Landshut",4.5,12,2–5,2,5,3.5,22.58,3.71,Zwei bis fünf Bewertungen aufgrund von Beschwerden wegen Diffamierung entfernt.,https://www.google.com/maps/place/Hofberg+Apotheke/data=!4m7!3m6!1s0x479e2666377e0641:0xc2a2897737483389!8m2!3d48.5271815!4d12.162269!16s%2Fg%2F12hmj4rgz!19sChIJQQZ-N2YmnkcRiTNIN3eJosI?authuser=0&hl=de&rclk=1
83,Wok Restaurant,84030,"Landshuter Str. 67, 84030 Ergolding",4.1,1379,1,1,1,1,0.07,4.098,Eine Bewertung aufgrund einer Beschwerde wegen Diffamierung entfernt.,https://www.google.com/maps/place/Wok+Restaurant/data=!4m7!3m6!1s0x479e28aeaa045b19:0x8549e5a3c27d8508!8m2!3d48.5639253!4d12.1621427!16s%2Fg%2F1vlz9bqk!19sChIJGVsEqq4onkcRCIV9wqPlSYU?authuser=0&hl=de&rclk=1
84,L'Osteria Landshut Altstadt,84028,"Altstadt 218, 84028 Landshut",4.3,1360,1,1,1,1,0.07,4.298,Eine Bewertung aufgrund einer Beschwerde wegen Diffamierung entfernt.,https://www.google.com/maps/place/L%27Osteria+Landshut+Altstadt/data=!4m7!3m6!1s0x479e27d2189e1de7:0x6e666fec00c2e946!8m2!3d48.5339831!4d12.1507386!16s%2Fg%2F11f9y50280!19sChIJ5x2eGNInnkcRRunCAOxvZm4?authuser=0&hl=de&rclk=1
85,B&B HOTEL Landshut,84028,"An d. Überführung 6, 84032 Landshut",4.5,1231,1,1,1,1,0.08,4.497,Eine Bewertung aufgrund einer Beschwerde wegen Diffamierung entfernt.,https://www.google.com/maps/place/B%26B+HOTEL+Landshut/data=!4m10!3m9!1s0x479e25e51efe39e1:0xb35176b03ec412d5!5m2!4m1!1i2!8m2!3d48.5496325!4d12.1389184!16s%2Fg%2F11fd4234wr!19sChIJ4Tn-HuUlnkcR1RLEPrB2UbM?authuser=0&hl=de&rclk=1
86,B&B HOTEL Landshut,84036,"An d. Überführung 6, 84032 Landshut",4.5,1231,1,1,1,1,0.08,4.497,Eine Bewertung aufgrund einer Beschwerde wegen Diffamierung entfernt.,https://www.google.com/maps/place/B%26B+HOTEL+Landshut/data=!4m10!3m9!1s0x479e25e51efe3a31:0xb35176b03ec412d5!5m2!4m1!1i2!8m2!3d48.549633!4d12.138918!16s%2Fg%2F11fd4234wr!19sChIJMTr-HuUlnkcR1RLEPrB2UbM?authuser=0&hl=de&rclk=1
87,Restaurant Sokrates,84028,"Kapuzinerweg 11-13, 84028 Landshut",4.9,740,1,1,1,1,0.13,4.895,Eine Bewertung aufgrund einer Beschwerde wegen Diffamierung entfernt.,https://www.google.com/maps/place/Restaurant+Sokrates/data=!4m7!3m6!1s0x479e271109c1d289:0x9e3dc2eaf1fd5c6b!8m2!3d48.5397242!4d12.1552583!16s%2Fg%2F11n963vqy6!19sChIJidLBCREnnkcRa1z98erCPZ4?authuser=0&hl=de&rclk=1
88,Gasthof Hotel Drei Tannen Altdorf,84028,"Hauptstraße 75, 84032 Altdorf",4.4,706,1,1,1,1,0.14,4.395,Eine Bewertung aufgrund einer Beschwerde wegen Diffamierung entfernt.,https://www.google.com/maps/place/Gasthof+Hotel+Drei+Tannen+Altdorf/data=!4m10!3m9!1s0x479f60d72eb6b6f1:0x83934ec0c1baea9f!5m2!4m1!1i2!8m2!3d48.5594312!4d12.1175512!16s%2Fg%2F1tdw70x6!19sChIJ8ba2Ltdgn0cRn-q6wcBOk4M?authuser=0&hl=de&rclk=1
89,wirkaufendeinauto.de Landshut,84144,"Ziegelfeldstraße 6, 84036 Kumhausen",4.5,442,1,1,1,1,0.23,4.492,Eine Bewertung aufgrund einer Beschwerde wegen Diffamierung entfernt.,https://www.google.com/maps/place/wirkaufendeinauto.de+Landshut/data=!4m7!3m6!1s0x479e279bbd082095:0xdde548212d506868!8m2!3d48.499958!4d12.1602458!16s%2Fg%2F11f794ynmb!19sChIJlSAIvZsnnkcRaGhQLSFI5d0?authuser=0&hl=de&rclk=1
90,all inclusive Fitness Landshut Kumhausen,84028,"Ziegelfeldstraße 1, 84036 Kumhausen",4.7,422,1,1,1,1,0.24,4.691,Eine Bewertung aufgrund einer Beschwerde wegen Diffamierung entfernt.,https://www.google.com/maps/place/all+inclusive+Fitness+Landshut+Kumhausen/data=!4m7!3m6!1s0x479e26ea0a881c07:0xf4e9dee2d4a94fd!8m2!3d48.4984181!4d12.1589155!16s%2Fg%2F1td5w47b!19sChIJBxyICuomnkcR_ZRKLe6dTg8?authuser=0&hl=de&rclk=1
91,Porsche Zentrum Landshut,84030,"Albert-Einstein-Straße 1, 84030 Ergolding",4.7,172,1,1,1,1,0.58,4.679,Eine Bewertung aufgrund einer Beschwerde wegen Diffamierung entfernt.,https://www.google.com/maps/place/Porsche+Zentrum+Landshut/data=!4m7!3m6!1s0x479e2f52c202761b:0x2ce224018eb85f25!8m2!3d48.56801!4d12.1555801!16s%2Fg%2F1tklpjv4!19sChIJG3YCwlIvnkcRJV-4jgEk4iw?authuser=0&hl=de&rclk=1
92,mr. tutto – specialità italiane,84144,"Daimlerstraße 8, 84144 Geisenhausen",4.9,105,1,1,1,1,0.94,4.863,Eine Bewertung aufgrund einer Beschwerde wegen Diffamierung entfernt.,https://www.google.com/maps/place/mr.+tutto+%E2%80%93+specialit%C3%A0+italiane/data=!4m7!3m6!1s0x479e2734ab9c3129:0x686fbb7a4d90ad8a!8m2!3d48.4812111!4d12.2494444!16s%2Fg%2F11qnbclhqv!19sChIJKTGcqzQnnkcRiq2QTXq7b2g?authuser=0&hl=de&rclk=1
93,PPF Germany,84030,"Ingolstädter Str. 15, 84030 Landshut",4.9,75,1,1,1,1,1.32,4.849,Eine Bewertung aufgrund einer Beschwerde wegen Diffamierung entfernt.,https://www.google.com/maps/place/PPF+Germany/data=!4m7!3m6!1s0x2e2b4af769fb14c3:0x888aab5cebca08cc!8m2!3d48.5629372!4d12.1360865!16s%2Fg%2F11sfr8jw8c!19sChIJwxT7afdKKy4RzAjK61yriog?authuser=0&hl=de&rclk=1
94,Barbershop essenbach,84030,"Landshuter Str. 11, 84051 Essenbach",4.7,53,1,1,1,1,1.85,4.631,Eine Bewertung aufgrund einer Beschwerde wegen Diffamierung entfernt.,https://www.google.com/maps/place/Barbershop+essenbach/data=!4m7!3m6!1s0x479e29c7502abaf7:0x837d4fc30370393a!8m2!3d48.6125512!4d12.2166789!16s%2Fg%2F11vwzrw15f!19sChIJ97oqUMcpnkcROjlwA8NPfYM?authuser=0&hl=de&rclk=1
95,Zentrum für Endokrinologie und Stoffwechsel Landshut Privat- und Selbstzahlerpraxis,84137,"Zweibrückenstraße 655, 84028 Landshut",4.7,46,1,1,1,1,2.13,4.621,Eine Bewertung aufgrund einer Beschwerde wegen Diffamierung entfernt.,https://www.google.com/maps/place/Zentrum+f%C3%BCr+Endokrinologie+und+Stoffwechsel+Landshut+Privat-+und+Selbstzahlerpraxis/data=!4m7!3m6!1s0x479e25de9cc04659:0xd949789a3abc5641!8m2!3d48.5395176!4d12.1510511!16s%2Fg%2F11c70cxq0n!19sChIJWUbAnN4lnkcRQVa8Opp4Sdk?authuser=0&hl=de&rclk=1
96,Karate Altinger,84030,"Porschestraße 21, 84030 Landshut",4.9,44,1,1,1,1,2.22,4.813,Eine Bewertung aufgrund einer Beschwerde wegen Diffamierung entfernt.,https://www.google.com/maps/place/Karate+Altinger/data=!4m7!3m6!1s0x410966431e1dd201:0x56a6910745415b42!8m2!3d48.5538056!4d12.1554348!16s%2Fg%2F1th62c74!19sChIJAdIdHkNmCUERQltBRQeRplY?authuser=0&hl=de&rclk=1
97,PrimaVital Apotheke am Marienplatz | Medikamente & Kosmetik | Dingolfing,84137,"Marienpl. 16, 84130 Dingolfing",4.4,28,1,1,1,1,3.45,4.283,Eine Bewertung aufgrund einer Beschwerde wegen Diffamierung entfernt.,https://www.google.com/maps/place/PrimaVital+Apotheke+am+Marienplatz+%7C+Medikamente+%26+Kosmetik+%7C+Dingolfing/data=!4m7!3m6!1s0x4775833128252bc9:0x32d7ede8a2512fca!8m2!3d48.6294621!4d12.4992365!16s%2Fg%2F1hc5q30c9!19sChIJySslKDGDdUcRyi9Roujt1zI?authuser=0&hl=de&rclk=1
98,Bayern-Haselnuss,84137,"Oberdörfl 3, 84494 Neumarkt-Sankt Veit",5,23,1,1,1,1,4.17,4.833,Eine Bewertung aufgrund einer Beschwerde wegen Diffamierung entfernt.,https://www.google.com/maps/place/Bayern-Haselnuss/data=!4m7!3m6!1s0x477593573def7bb9:0x8104292db81e424f!8m2!3d48.368739!4d12.496119!16s%2Fg%2F1ptz4p4fk!19sChIJuXvvPVeTdUcRT0IeuC0pBIE?authuser=0&hl=de&rclk=1
99,Schülerhilfe Nachhilfe Vilsbiburg,84137,"Stadtpl. 27, 84137 Vilsbiburg",4.3,19,1,1,1,1,5,4.135,Eine Bewertung aufgrund einer Beschwerde wegen Diffamierung entfernt.,https://www.google.com/maps/place/Sch%C3%BClerhilfe+Nachhilfe+Vilsbiburg/data=!4m7!3m6!1s0x47758c249015a805:0x4165c2c599686bbd!8m2!3d48.4484146!4d12.3552862!16s%2Fg%2F1pzp_cs4j!19sChIJBagVkCSMdUcRvWtomcXCZUE?authuser=0&hl=de&rclk=1
100,Balkan & International Imbiss,84028,"Neidenburger Str. 5, 84030 Landshut",4.5,18,1,1,1,1,5.26,4.316,Eine Bewertung aufgrund einer Beschwerde wegen Diffamierung entfernt.,https://www.google.com/maps/place/Balkan+%26+International+Imbiss/data=!4m7!3m6!1s0x479e2700747371bd:0x4642861ecfde843f!8m2!3d48.5552047!4d12.1524066!16s%2Fg%2F11vxcvx25f!19sChIJvXFzdAAnnkcRP4Tezx6GQkY?authuser=0&hl=de&rclk=1
101,Deinböck GmbH & Co. KG (deinböck – Ihre Maler & Meister),84144,"Boschstraße 18, 84144 Geisenhausen",5,15,1,1,1,1,6.25,4.75,Eine Bewertung aufgrund einer Beschwerde wegen Diffamierung entfernt.,https://www.google.com/maps/place/Deinb%C3%B6ck+GmbH+%26+Co.+KG+%28deinb%C3%B6ck+%E2%80%93+Ihre+Maler+%26+Meister%29/data=!4m7!3m6!1s0x477589ed8ffae323:0x3cdfebfc48a3880!8m2!3d48.4787499!4d12.2493458!16s%2Fg%2F1w6_mn7p!19sChIJI-P6j-2JdUcRgDiKxL_-zQM?authuser=0&hl=de&rclk=1
102,Panorama GmbH,84144,"Ohmstraße 3, 84144 Geisenhausen",4.7,14,1,1,1,1,6.67,4.453,Eine Bewertung aufgrund einer Beschwerde wegen Diffamierung entfernt.,https://www.google.com/maps/place/Panorama+GmbH/data=!4m7!3m6!1s0x477589ee744a0423:0x434200e50f8c50ed!8m2!3d48.4800371!4d12.2467907!16s%2Fg%2F1tfzl4pm!19sChIJIwRKdO6JdUcR7VCMD-UAQkM?authuser=0&hl=de&rclk=1
103,Pension Toni,84030,"Winklsaß 18, 84088 Neufahrn in Niederbayern",3,2,1,1,1,1,33.33,2.333,Eine Bewertung aufgrund einer Beschwerde wegen Diffamierung entfernt.,https://www.google.com/maps/place/Pension+Toni/data=!4m10!3m9!1s0x479fd2d8fadaaaa9:0x47b568e12f4fda26!5m2!4m1!1i2!8m2!3d48.7337047!4d12.172464!16s%2Fg%2F11tcn_dxtb!19sChIJqara-tjSn0cRJtpPL-FotUc?authuser=0&hl=de&rclk=1
